-- 系统管理员以及系统用户角色
INSERT INTO `sys_role` (`role_id`, `role_name`, `role_key`, `role_sort`, `data_scope`, `menu_check_strictly`, `dept_check_strictly`, `status`, `del_flag`, `create_by`, `create_time`, `update_by`, `update_time`, `remark`) VALUES (100, '系统管理员', 'gasadmin', 0, '1', 1, 1, '0', '0', 'admin', '2022-07-03 13:22:13', '', NULL, NULL);
INSERT INTO `sys_role` (`role_id`, `role_name`, `role_key`, `role_sort`, `data_scope`, `menu_check_strictly`, `dept_check_strictly`, `status`, `del_flag`, `create_by`, `create_time`, `update_by`, `update_time`, `remark`) VALUES (101, '系统用户', 'gasuser', 0, '1', 0, 1, '0', '0', 'admin', '2022-07-11 13:28:12', '', NULL, NULL);

-- 系统管理员权限
INSERT INTO `sys_role_menu` (`role_id`, `menu_id`) VALUES (100, 1);
INSERT INTO `sys_role_menu` (`role_id`, `menu_id`) VALUES (100, 2);
INSERT INTO `sys_role_menu` (`role_id`, `menu_id`) VALUES (100, 100);
INSERT INTO `sys_role_menu` (`role_id`, `menu_id`) VALUES (100, 101);
INSERT INTO `sys_role_menu` (`role_id`, `menu_id`) VALUES (100, 102);
INSERT INTO `sys_role_menu` (`role_id`, `menu_id`) VALUES (100, 103);
INSERT INTO `sys_role_menu` (`role_id`, `menu_id`) VALUES (100, 104);
INSERT INTO `sys_role_menu` (`role_id`, `menu_id`) VALUES (100, 105);
INSERT INTO `sys_role_menu` (`role_id`, `menu_id`) VALUES (100, 106);
INSERT INTO `sys_role_menu` (`role_id`, `menu_id`) VALUES (100, 107);
INSERT INTO `sys_role_menu` (`role_id`, `menu_id`) VALUES (100, 108);
INSERT INTO `sys_role_menu` (`role_id`, `menu_id`) VALUES (100, 109);
INSERT INTO `sys_role_menu` (`role_id`, `menu_id`) VALUES (100, 110);
INSERT INTO `sys_role_menu` (`role_id`, `menu_id`) VALUES (100, 111);
INSERT INTO `sys_role_menu` (`role_id`, `menu_id`) VALUES (100, 112);
INSERT INTO `sys_role_menu` (`role_id`, `menu_id`) VALUES (100, 113);
INSERT INTO `sys_role_menu` (`role_id`, `menu_id`) VALUES (100, 500);
INSERT INTO `sys_role_menu` (`role_id`, `menu_id`) VALUES (100, 501);
INSERT INTO `sys_role_menu` (`role_id`, `menu_id`) VALUES (100, 1001);
INSERT INTO `sys_role_menu` (`role_id`, `menu_id`) VALUES (100, 1002);
INSERT INTO `sys_role_menu` (`role_id`, `menu_id`) VALUES (100, 1003);
INSERT INTO `sys_role_menu` (`role_id`, `menu_id`) VALUES (100, 1004);
INSERT INTO `sys_role_menu` (`role_id`, `menu_id`) VALUES (100, 1005);
INSERT INTO `sys_role_menu` (`role_id`, `menu_id`) VALUES (100, 1006);
INSERT INTO `sys_role_menu` (`role_id`, `menu_id`) VALUES (100, 1007);
INSERT INTO `sys_role_menu` (`role_id`, `menu_id`) VALUES (100, 1008);
INSERT INTO `sys_role_menu` (`role_id`, `menu_id`) VALUES (100, 1009);
INSERT INTO `sys_role_menu` (`role_id`, `menu_id`) VALUES (100, 1010);
INSERT INTO `sys_role_menu` (`role_id`, `menu_id`) VALUES (100, 1011);
INSERT INTO `sys_role_menu` (`role_id`, `menu_id`) VALUES (100, 1012);
INSERT INTO `sys_role_menu` (`role_id`, `menu_id`) VALUES (100, 1013);
INSERT INTO `sys_role_menu` (`role_id`, `menu_id`) VALUES (100, 1014);
INSERT INTO `sys_role_menu` (`role_id`, `menu_id`) VALUES (100, 1015);
INSERT INTO `sys_role_menu` (`role_id`, `menu_id`) VALUES (100, 1016);
INSERT INTO `sys_role_menu` (`role_id`, `menu_id`) VALUES (100, 1017);
INSERT INTO `sys_role_menu` (`role_id`, `menu_id`) VALUES (100, 1018);
INSERT INTO `sys_role_menu` (`role_id`, `menu_id`) VALUES (100, 1019);
INSERT INTO `sys_role_menu` (`role_id`, `menu_id`) VALUES (100, 1020);
INSERT INTO `sys_role_menu` (`role_id`, `menu_id`) VALUES (100, 1021);
INSERT INTO `sys_role_menu` (`role_id`, `menu_id`) VALUES (100, 1022);
INSERT INTO `sys_role_menu` (`role_id`, `menu_id`) VALUES (100, 1023);
INSERT INTO `sys_role_menu` (`role_id`, `menu_id`) VALUES (100, 1024);
INSERT INTO `sys_role_menu` (`role_id`, `menu_id`) VALUES (100, 1025);
INSERT INTO `sys_role_menu` (`role_id`, `menu_id`) VALUES (100, 1026);
INSERT INTO `sys_role_menu` (`role_id`, `menu_id`) VALUES (100, 1027);
INSERT INTO `sys_role_menu` (`role_id`, `menu_id`) VALUES (100, 1028);
INSERT INTO `sys_role_menu` (`role_id`, `menu_id`) VALUES (100, 1029);
INSERT INTO `sys_role_menu` (`role_id`, `menu_id`) VALUES (100, 1030);
INSERT INTO `sys_role_menu` (`role_id`, `menu_id`) VALUES (100, 1031);
INSERT INTO `sys_role_menu` (`role_id`, `menu_id`) VALUES (100, 1032);
INSERT INTO `sys_role_menu` (`role_id`, `menu_id`) VALUES (100, 1033);
INSERT INTO `sys_role_menu` (`role_id`, `menu_id`) VALUES (100, 1034);
INSERT INTO `sys_role_menu` (`role_id`, `menu_id`) VALUES (100, 1035);
INSERT INTO `sys_role_menu` (`role_id`, `menu_id`) VALUES (100, 1036);
INSERT INTO `sys_role_menu` (`role_id`, `menu_id`) VALUES (100, 1037);
INSERT INTO `sys_role_menu` (`role_id`, `menu_id`) VALUES (100, 1038);
INSERT INTO `sys_role_menu` (`role_id`, `menu_id`) VALUES (100, 1039);
INSERT INTO `sys_role_menu` (`role_id`, `menu_id`) VALUES (100, 1040);
INSERT INTO `sys_role_menu` (`role_id`, `menu_id`) VALUES (100, 1041);
INSERT INTO `sys_role_menu` (`role_id`, `menu_id`) VALUES (100, 1042);
INSERT INTO `sys_role_menu` (`role_id`, `menu_id`) VALUES (100, 1043);
INSERT INTO `sys_role_menu` (`role_id`, `menu_id`) VALUES (100, 1044);
INSERT INTO `sys_role_menu` (`role_id`, `menu_id`) VALUES (100, 1045);
INSERT INTO `sys_role_menu` (`role_id`, `menu_id`) VALUES (100, 1046);
INSERT INTO `sys_role_menu` (`role_id`, `menu_id`) VALUES (100, 1047);
INSERT INTO `sys_role_menu` (`role_id`, `menu_id`) VALUES (100, 1048);
INSERT INTO `sys_role_menu` (`role_id`, `menu_id`) VALUES (100, 1049);
INSERT INTO `sys_role_menu` (`role_id`, `menu_id`) VALUES (100, 1050);
INSERT INTO `sys_role_menu` (`role_id`, `menu_id`) VALUES (100, 1051);
INSERT INTO `sys_role_menu` (`role_id`, `menu_id`) VALUES (100, 1052);
INSERT INTO `sys_role_menu` (`role_id`, `menu_id`) VALUES (100, 1053);
INSERT INTO `sys_role_menu` (`role_id`, `menu_id`) VALUES (100, 1054);
INSERT INTO `sys_role_menu` (`role_id`, `menu_id`) VALUES (100, 2000);
INSERT INTO `sys_role_menu` (`role_id`, `menu_id`) VALUES (100, 2002);
INSERT INTO `sys_role_menu` (`role_id`, `menu_id`) VALUES (100, 2003);
INSERT INTO `sys_role_menu` (`role_id`, `menu_id`) VALUES (100, 2004);
INSERT INTO `sys_role_menu` (`role_id`, `menu_id`) VALUES (100, 2005);
INSERT INTO `sys_role_menu` (`role_id`, `menu_id`) VALUES (100, 2006);
INSERT INTO `sys_role_menu` (`role_id`, `menu_id`) VALUES (100, 2007);
INSERT INTO `sys_role_menu` (`role_id`, `menu_id`) VALUES (100, 2008);
INSERT INTO `sys_role_menu` (`role_id`, `menu_id`) VALUES (100, 2009);
INSERT INTO `sys_role_menu` (`role_id`, `menu_id`) VALUES (100, 2010);
INSERT INTO `sys_role_menu` (`role_id`, `menu_id`) VALUES (100, 2011);
INSERT INTO `sys_role_menu` (`role_id`, `menu_id`) VALUES (100, 2012);
INSERT INTO `sys_role_menu` (`role_id`, `menu_id`) VALUES (100, 2013);
INSERT INTO `sys_role_menu` (`role_id`, `menu_id`) VALUES (100, 2014);
INSERT INTO `sys_role_menu` (`role_id`, `menu_id`) VALUES (100, 2015);
INSERT INTO `sys_role_menu` (`role_id`, `menu_id`) VALUES (100, 2016);
INSERT INTO `sys_role_menu` (`role_id`, `menu_id`) VALUES (100, 2017);
INSERT INTO `sys_role_menu` (`role_id`, `menu_id`) VALUES (100, 2018);
INSERT INTO `sys_role_menu` (`role_id`, `menu_id`) VALUES (100, 2019);
INSERT INTO `sys_role_menu` (`role_id`, `menu_id`) VALUES (100, 2020);
INSERT INTO `sys_role_menu` (`role_id`, `menu_id`) VALUES (100, 2021);
INSERT INTO `sys_role_menu` (`role_id`, `menu_id`) VALUES (100, 2022);
INSERT INTO `sys_role_menu` (`role_id`, `menu_id`) VALUES (100, 2023);
INSERT INTO `sys_role_menu` (`role_id`, `menu_id`) VALUES (100, 2024);
INSERT INTO `sys_role_menu` (`role_id`, `menu_id`) VALUES (100, 2025);
INSERT INTO `sys_role_menu` (`role_id`, `menu_id`) VALUES (100, 2026);
INSERT INTO `sys_role_menu` (`role_id`, `menu_id`) VALUES (100, 2027);
INSERT INTO `sys_role_menu` (`role_id`, `menu_id`) VALUES (100, 2028);
INSERT INTO `sys_role_menu` (`role_id`, `menu_id`) VALUES (100, 2029);
INSERT INTO `sys_role_menu` (`role_id`, `menu_id`) VALUES (100, 2030);

-- 系统普通角色权限
INSERT INTO `sys_role_menu` (`role_id`, `menu_id`) VALUES (101, 2000);
INSERT INTO `sys_role_menu` (`role_id`, `menu_id`) VALUES (101, 2003);
INSERT INTO `sys_role_menu` (`role_id`, `menu_id`) VALUES (101, 2008);
INSERT INTO `sys_role_menu` (`role_id`, `menu_id`) VALUES (101, 2009);
INSERT INTO `sys_role_menu` (`role_id`, `menu_id`) VALUES (101, 2010);
INSERT INTO `sys_role_menu` (`role_id`, `menu_id`) VALUES (101, 2011);
INSERT INTO `sys_role_menu` (`role_id`, `menu_id`) VALUES (101, 2012);
INSERT INTO `sys_role_menu` (`role_id`, `menu_id`) VALUES (101, 2013);
INSERT INTO `sys_role_menu` (`role_id`, `menu_id`) VALUES (101, 2015);
INSERT INTO `sys_role_menu` (`role_id`, `menu_id`) VALUES (101, 2020);
INSERT INTO `sys_role_menu` (`role_id`, `menu_id`) VALUES (101, 2021);
INSERT INTO `sys_role_menu` (`role_id`, `menu_id`) VALUES (101, 2022);
INSERT INTO `sys_role_menu` (`role_id`, `menu_id`) VALUES (101, 2023);
INSERT INTO `sys_role_menu` (`role_id`, `menu_id`) VALUES (101, 2024);
INSERT INTO `sys_role_menu` (`role_id`, `menu_id`) VALUES (101, 2025);
INSERT INTO `sys_role_menu` (`role_id`, `menu_id`) VALUES (101, 2026);
INSERT INTO `sys_role_menu` (`role_id`, `menu_id`) VALUES (101, 2027);
INSERT INTO `sys_role_menu` (`role_id`, `menu_id`) VALUES (101, 2028);
INSERT INTO `sys_role_menu` (`role_id`, `menu_id`) VALUES (101, 2029);
INSERT INTO `sys_role_menu` (`role_id`, `menu_id`) VALUES (101, 2030);


-- 系统用户
INSERT INTO `sys_user` (`user_id`, `dept_id`, `user_name`, `nick_name`, `user_type`, `email`, `phonenumber`, `sex`, `avatar`, `password`, `status`, `del_flag`, `login_ip`, `login_date`, `create_by`, `create_time`, `update_by`, `update_time`, `remark`) VALUES (100, NULL, 'gasuser', 'gasuser', '00', '', '', '0', '', '$2a$10$OxG6IwZiN2ge6jSyAcI4eOvhqpkh5/hKJHA28aAeP8im3K18O68ea', '0', '0', '', NULL, 'admin', '2022-07-03 13:21:42', '', NULL, NULL);
INSERT INTO `sys_user` (`user_id`, `dept_id`, `user_name`, `nick_name`, `user_type`, `email`, `phonenumber`, `sex`, `avatar`, `password`, `status`, `del_flag`, `login_ip`, `login_date`, `create_by`, `create_time`, `update_by`, `update_time`, `remark`) VALUES (101, NULL, 'gasadmin', 'gasadmin', '00', '', '', '0', '', '$2a$10$5kKtqOb53PqfBlMLkAfgX.vu1eaflYXjYamKY7DrlrLxi1evbGFu2', '0', '0', '', NULL, 'admin', '2022-07-03 13:22:44', '', NULL, NULL);

-- 绑定初始化用户和初始化管理员
INSERT INTO `sys_user_role` (`user_id`, `role_id`) VALUES (100, 101);
INSERT INTO `sys_user_role` (`user_id`, `role_id`) VALUES (101, 100);